id,project_id,user_id,content
1,13,45,いいね！
2,15,68,素晴らしい
3,11,2,面白い！
4,3,24,ナイスアイデア！
5,1,59,神！
6,16,90,協力させてください！
7,1,67,強い！
8,1,86,いいアイデアですね！
9,2,45,強いですね！
10,12,38,ありがとう！
11,1,97,いいね！
12,7,89,素晴らしい
13,16,92,面白い！
14,11,39,ナイスアイデア！
15,14,38,神！
16,14,51,協力させてください！
17,4,35,強い！
18,1,66,いいアイデアですね！
19,15,60,強いですね！
20,10,35,ありがとう！
21,10,50,いいね！
22,6,24,素晴らしい
23,2,68,面白い！
24,8,80,ナイスアイデア！
25,2,78,神！
26,10,64,協力させてください！
27,16,60,強い！
28,15,42,いいアイデアですね！
29,9,62,強いですね！
30,9,15,ありがとう！
31,16,70,いいね！
32,1,70,素晴らしい
33,3,69,面白い！
34,10,13,ナイスアイデア！
35,4,33,神！
36,9,43,協力させてください！
37,9,41,強い！
38,13,45,いいアイデアですね！
39,16,49,強いですね！
40,11,77,ありがとう！
41,4,62,いいね！
42,3,90,素晴らしい
43,11,33,面白い！
44,1,22,ナイスアイデア！
45,6,98,神！
46,10,50,協力させてください！
47,1,52,強い！
48,11,69,いいアイデアですね！
49,2,9,強いですね！
50,5,88,ありがとう！
51,13,72,いいね！
52,8,73,素晴らしい
53,13,95,面白い！
54,9,51,ナイスアイデア！
55,13,62,神！
56,8,6,協力させてください！
57,14,75,強い！
58,9,38,いいアイデアですね！
59,9,90,強いですね！
60,6,29,ありがとう！
61,16,74,いいね！
62,8,62,素晴らしい
63,3,89,面白い！
64,1,45,ナイスアイデア！
65,14,2,神！
66,12,25,協力させてください！
67,10,4,強い！
68,11,95,いいアイデアですね！
69,4,100,強いですね！
70,12,17,ありがとう！
71,10,84,いいね！
72,5,77,素晴らしい
73,2,53,面白い！
74,14,82,ナイスアイデア！
75,14,34,神！
76,7,31,協力させてください！
77,2,9,強い！
78,9,61,いいアイデアですね！
79,6,90,強いですね！
80,4,67,ありがとう！
81,11,47,いいね！
82,11,30,素晴らしい
83,5,79,面白い！
84,13,54,ナイスアイデア！
85,15,56,神！
86,1,58,協力させてください！
87,7,9,強い！
88,10,22,いいアイデアですね！
89,1,79,強いですね！
90,9,30,ありがとう！
91,14,47,いいね！
92,14,23,素晴らしい
93,10,10,面白い！
94,13,37,ナイスアイデア！
95,6,65,神！
96,4,49,協力させてください！
97,6,4,強い！
98,3,78,いいアイデアですね！
99,16,6,強いですね！
100,16,93,ありがとう！
101,7,32,いいね！
102,1,47,素晴らしい
103,11,95,面白い！
104,2,99,ナイスアイデア！
105,10,54,神！
106,16,100,協力させてください！
107,2,57,強い！
108,8,76,いいアイデアですね！
109,12,21,強いですね！
110,13,62,ありがとう！
111,5,38,いいね！
112,16,24,素晴らしい
113,1,61,面白い！
114,2,40,ナイスアイデア！
115,11,38,神！
116,15,45,協力させてください！
117,9,89,強い！
118,15,68,いいアイデアですね！
119,5,84,強いですね！
120,15,81,ありがとう！
121,10,91,いいね！
122,10,43,素晴らしい
123,10,12,面白い！
124,13,36,ナイスアイデア！
125,9,61,神！
126,9,97,協力させてください！
127,16,84,強い！
128,16,37,いいアイデアですね！
129,10,14,強いですね！
130,1,50,ありがとう！
131,5,48,いいね！
132,12,65,素晴らしい
133,16,78,面白い！
134,10,2,ナイスアイデア！
135,9,95,神！
136,1,100,協力させてください！
137,1,22,強い！
138,12,73,いいアイデアですね！
139,15,68,強いですね！
140,4,32,ありがとう！
141,15,72,いいね！
142,2,97,素晴らしい
143,13,49,面白い！
144,4,21,ナイスアイデア！
145,1,89,神！
146,16,50,協力させてください！
147,5,99,強い！
148,7,94,いいアイデアですね！
149,6,63,強いですね！
150,5,8,ありがとう！
151,6,47,いいね！
152,8,82,素晴らしい
153,11,73,面白い！
154,7,11,ナイスアイデア！
155,12,20,神！
156,11,48,協力させてください！
157,11,35,強い！
158,7,67,いいアイデアですね！
159,15,13,強いですね！
160,10,33,ありがとう！
161,1,49,いいね！
162,4,35,素晴らしい
163,4,60,面白い！
164,9,2,ナイスアイデア！
165,12,7,神！
166,1,24,協力させてください！
167,11,77,強い！
168,11,50,いいアイデアですね！
169,7,40,強いですね！
170,8,61,ありがとう！
171,4,6,いいね！
172,7,56,素晴らしい
173,2,47,面白い！
174,13,37,ナイスアイデア！
175,6,33,神！
176,16,20,協力させてください！
177,1,20,強い！
178,1,97,いいアイデアですね！
179,1,15,強いですね！
180,5,9,ありがとう！
181,10,29,いいね！
182,1,28,素晴らしい
183,4,86,面白い！
184,9,43,ナイスアイデア！
185,8,22,神！
186,9,68,協力させてください！
187,4,83,強い！
188,13,66,いいアイデアですね！
189,12,14,強いですね！
190,3,17,ありがとう！
191,6,12,いいね！
192,4,92,素晴らしい
193,2,99,面白い！
194,5,63,ナイスアイデア！
195,12,52,神！
196,4,73,協力させてください！
197,10,37,強い！
198,3,86,いいアイデアですね！
199,1,91,強いですね！
200,4,67,ありがとう！
201,13,42,いいね！
202,6,32,素晴らしい
203,16,2,面白い！
204,11,27,ナイスアイデア！
205,1,20,神！
206,8,25,協力させてください！
207,5,95,強い！
208,4,21,いいアイデアですね！
209,14,92,強いですね！
210,3,63,ありがとう！
211,6,82,いいね！
212,13,86,素晴らしい
213,12,18,面白い！
214,11,76,ナイスアイデア！
215,11,26,神！
216,6,27,協力させてください！
217,12,14,強い！
218,14,60,いいアイデアですね！
219,6,77,強いですね！
220,4,63,ありがとう！
221,15,34,いいね！
222,16,82,素晴らしい
223,1,41,面白い！
224,13,45,ナイスアイデア！
225,9,39,神！
226,14,93,協力させてください！
227,10,42,強い！
228,11,37,いいアイデアですね！
229,5,36,強いですね！
230,16,24,ありがとう！
231,4,77,いいね！
232,8,64,素晴らしい
233,11,58,面白い！
234,4,34,ナイスアイデア！
235,10,30,神！
236,11,12,協力させてください！
237,14,52,強い！
238,10,26,いいアイデアですね！
239,12,37,強いですね！
240,12,73,ありがとう！
241,9,55,いいね！
242,15,69,素晴らしい
243,5,16,面白い！
244,15,10,ナイスアイデア！
245,14,22,神！
246,2,86,協力させてください！
247,5,67,強い！
248,16,92,いいアイデアですね！
249,4,87,強いですね！
250,10,53,ありがとう！
251,13,76,いいね！
252,12,98,素晴らしい
253,1,53,面白い！
254,15,53,ナイスアイデア！
255,10,39,神！
256,10,40,協力させてください！
257,2,9,強い！
258,5,77,いいアイデアですね！
259,1,94,強いですね！
260,3,96,ありがとう！
261,12,76,いいね！
262,8,79,素晴らしい
263,8,87,面白い！
264,10,63,ナイスアイデア！
265,16,95,神！
266,14,98,協力させてください！
267,8,67,強い！
268,12,96,いいアイデアですね！
269,15,1,強いですね！
270,14,75,ありがとう！
271,2,42,いいね！
272,3,39,素晴らしい
273,4,55,面白い！
274,14,1,ナイスアイデア！
275,5,78,神！
276,14,80,協力させてください！
277,11,88,強い！
278,11,68,いいアイデアですね！
279,9,53,強いですね！
280,14,50,ありがとう！
281,11,35,いいね！
282,16,71,素晴らしい
283,9,94,面白い！
284,16,85,ナイスアイデア！
285,4,54,神！
286,12,88,協力させてください！
287,4,14,強い！
288,5,46,いいアイデアですね！
289,14,64,強いですね！
290,9,52,ありがとう！
291,12,46,いいね！
292,7,42,素晴らしい
293,2,99,面白い！
294,14,30,ナイスアイデア！
295,15,17,神！
296,11,42,協力させてください！
297,12,7,強い！
298,12,53,いいアイデアですね！
299,6,7,強いですね！
300,7,81,ありがとう！
301,2,68,いいね！
302,8,83,素晴らしい
303,5,87,面白い！
304,8,93,ナイスアイデア！
305,2,54,神！
306,10,30,協力させてください！
307,10,32,強い！
308,9,83,いいアイデアですね！
309,16,68,強いですね！
310,6,39,ありがとう！
311,10,6,いいね！
312,14,100,素晴らしい
313,4,77,面白い！
314,15,21,ナイスアイデア！
315,10,89,神！
316,14,30,協力させてください！
317,6,57,強い！
318,5,49,いいアイデアですね！
319,2,6,強いですね！
320,11,46,ありがとう！
321,10,87,いいね！
322,15,50,素晴らしい
323,5,5,面白い！
324,3,71,ナイスアイデア！
325,10,5,神！
326,7,49,協力させてください！
327,15,82,強い！
328,9,87,いいアイデアですね！
329,1,95,強いですね！
330,8,69,ありがとう！
331,4,16,いいね！
332,4,14,素晴らしい
333,6,72,面白い！
334,5,31,ナイスアイデア！
335,7,58,神！
336,4,90,協力させてください！
337,9,12,強い！
338,5,85,いいアイデアですね！
339,11,64,強いですね！
340,2,5,ありがとう！
341,3,62,いいね！
342,3,53,素晴らしい
343,14,54,面白い！
344,12,50,頑張ってください！
345,4,31,素晴らしい！いいアイデア！
346,6,73,協力させてください！
347,5,90,強い！
348,3,60,いいアイデアですね！
349,12,25,強いですね！
350,6,70,ありがとう！
351,13,57,いいね！
352,14,15,素晴らしい
353,4,41,面白い！
354,10,30,ナイスアイデア！
355,12,42,神！
356,4,100,協力させてください！
357,7,72,強い！
358,14,78,いいアイデアですね！
359,1,18,強いですね！
360,10,15,ありがとう！
361,10,77,いいね！
362,2,8,素晴らしい
363,7,16,面白い！
364,12,97,ナイスアイデア！
365,5,8,神！
366,12,95,協力させてください！
367,1,74,強い！
368,5,21,いいアイデアですね！
369,5,57,強いですね！
370,16,25,ありがとう！
371,16,14,いいね！
372,2,7,素晴らしい
373,7,6,面白い！
374,16,16,ナイスアイデア！
375,3,12,神！
376,8,42,協力させてください！
377,8,71,強い！
378,4,74,いいアイデアですね！
379,6,29,強いですね！
380,1,18,ありがとう！
381,8,86,いいね！
382,8,59,素晴らしい
383,12,68,面白い！
384,13,43,ナイスアイデア！
385,16,98,神！
386,9,54,頑張ってください！
387,12,46,強い！
388,11,95,いいアイデアですね！
389,6,16,強いですね！
390,11,66,ありがとう！
391,10,46,いいね！
392,8,59,素晴らしい
393,12,39,面白い！
394,6,19,ナイスアイデア！
395,12,73,神！
396,4,27,協力させてください！
397,6,97,強い！
398,11,31,いいアイデアですね！
399,11,67,強いですね！
400,14,5,ありがとう！
401,10,41,いいね！
402,14,51,頑張ってください！
403,6,26,素晴らしい！いいアイデア！
404,9,31,協力させてください！
405,5,33,強い！
406,13,34,いいアイデアですね！
407,5,99,頑張ってください！
408,4,26,素晴らしい！いいアイデア！
409,10,72,協力させてください！
410,3,17,強い！
411,4,6,いいアイデアですね！
412,4,10,いいね！
413,13,35,頑張ってください！
414,4,91,素晴らしい！いいアイデア！
415,14,70,協力させてください！
416,6,70,強い！
417,11,95,いいアイデアですね！
418,1,36,頑張ってください！
419,14,62,素晴らしい！いいアイデア！
420,3,87,協力させてください！
421,3,47,強い！
422,16,20,いいアイデアですね！
423,6,30,いいね！
424,5,43,頑張ってください！
425,8,12,素晴らしい！いいアイデア！
426,13,78,協力させてください！
427,9,16,強い！
428,13,78,いいアイデアですね！
429,7,21,頑張ってください！
430,2,93,素晴らしい！いいアイデア！
431,14,61,協力させてください！
432,9,64,強い！
433,15,66,いいアイデアですね！
434,12,67,いいね！
435,16,13,頑張ってください！
436,16,11,素晴らしい！いいアイデア！
437,10,97,協力させてください！
438,8,94,強い！
439,4,72,いいアイデアですね！
440,6,5,頑張ってください！
441,6,17,素晴らしい！いいアイデア！
442,13,65,協力させてください！
443,14,95,強い！
444,6,80,いいアイデアですね！
445,14,46,いいね！
446,14,11,頑張ってください！
447,12,100,素晴らしい！いいアイデア！
448,14,29,協力させてください！
449,9,59,強い！
450,8,86,いいアイデアですね！
451,4,59,頑張ってください！
452,9,50,素晴らしい！いいアイデア！
453,7,83,協力させてください！
454,16,30,強い！
455,4,96,いいアイデアですね！
456,12,54,いいね！
457,6,64,頑張ってください！
458,16,84,素晴らしい！いいアイデア！
459,13,100,協力させてください！
460,8,52,強い！
461,10,98,いいアイデアですね！
462,13,46,頑張ってください！
463,8,21,素晴らしい！いいアイデア！
464,8,84,協力させてください！
465,5,100,強い！
466,12,57,いいアイデアですね！
467,13,3,強い！
468,13,5,いいアイデアですね！
469,12,5,頑張ってください！
470,12,50,素晴らしい！いいアイデア！
471,5,27,協力させてください！
472,3,74,強い！
473,13,44,いいアイデアですね！
474,12,43,強い！
475,3,68,いいアイデアですね！
476,13,78,頑張ってください！
477,11,42,素晴らしい！いいアイデア！
478,12,77,協力させてください！
479,10,99,強い！
480,2,58,いいアイデアですね！
481,1,71,強い！
482,6,76,強い！
483,3,62,いいアイデアですね！
484,5,75,頑張ってください！
485,16,87,素晴らしい！いいアイデア！
486,11,3,協力させてください！
487,8,17,強い！
488,14,68,いいアイデアですね！
489,11,26,強い！
490,13,42,強い！
491,1,38,いいアイデアですね！
492,3,93,頑張ってください！
493,2,41,素晴らしい！いいアイデア！
494,10,29,協力させてください！
495,14,8,強い！
496,7,25,強い！
497,5,100,いいアイデアですね！
498,14,14,頑張ってください！
499,5,91,素晴らしい！いいアイデア！
500,8,31,強い！
,,,
